1,Ronald,Knight,rknight0@about.me,748 730 0657,ALBAÑILERIA,3
2,Dimitri,Delacourt,ddelacourt1@nymag.com,468 284 8702,INFORMATICA,5
3,Brandon,Corlett,bcorlett2@eventbrite.com,686 191 0012,INFORMATICA,3
4,Shellysheldon,Prawle,sprawle3@netvibes.com,375 392 4376,INFORMATICA,5
5,Conan,Jahns,cjahns4@ted.com,789 937 9531,INFORMATICA,4
6,Michail,Gloyens,mgloyens5@gravatar.com,916 655 5124,INFORMATICA,4
7,Mikel,Ambrus,mambrus6@blog.com,439 505 1018,CARPINTERIA,4
8,Dietrich,Worling,dworling7@yellowbook.com,703 932 8322,CARPINTERIA,1
9,Rudolf,Zecchinelli,rzecchinelli8@washingtonpost.com,356 561 2427,INFORMATICA,1
10,Cal,Vanelli,cvanelli9@walmart.com,447 221 7216,INFORMATICA,2
11,Templeton,Desouza,tdesouzaa@nba.com,749 487 8767,ALBAÑILERIA,4
12,Darius,Shyres,dshyresb@google.cn,586 151 6508,ALBAÑILERIA,3
13,Any,Dumingos,adumingosc@rediff.com,255 920 4140,FONTANERÍA,4
14,Simone,Kabisch,skabischd@blog.com,691 481 4864,ALBAÑILERIA,5
15,Tadeo,McGowing,tmcgowinge@nps.gov,972 532 9293,CARPINTERIA,2
16,Nataniel,Beckinsale,nbeckinsalef@people.com.cn,940 867 4688,FONTANERÍA,5
17,Englebert,Elloit,eelloitg@hp.com,100 665 3845,ALBAÑILERIA,3
18,Augustus,Ciccottini,aciccottinih@independent.co.uk,543 774 0358,PINTURA,4
19,Andonis,Tench,atenchi@cyberchimps.com,296 673 7101,CARPINTERIA,5
20,Valentin,Gosson,vgossonj@boston.com,754 538 8249,INFORMATICA,1
21,Darnell,Mueller,dmuellerk@bandcamp.com,104 720 5539,INFORMATICA,3
22,Palm,Whitford,pwhitfordl@bigcartel.com,393 524 1357,CARPINTERIA,5
23,Ase,Rainard,arainardm@ca.gov,860 881 5256,PINTURA,5
24,Montgomery,Buckham,mbuckhamn@indiatimes.com,478 597 3196,INFORMATICA,4
25,Denny,Worviell,dworviello@livejournal.com,955 644 8824,CARPINTERIA,4
